{
  "name": "Material",
  "type": "object",
  "properties": {
    "type": {
      "type": "string",
      "enum": [
        "metal",
        "polymers",
        "textiles",
        "eva",
        "foam"
      ],
      "description": "Tipo de material detectado"
    },
    "weight_kg": {
      "type": "number",
      "description": "Peso del material en kilogramos"
    },
    "status": {
      "type": "string",
      "enum": [
        "detected",
        "classified",
        "processing",
        "recycled",
        "reused",
        "stored"
      ],
      "default": "detected",
      "description": "Estado actual del material"
    },
    "size_category": {
      "type": "string",
      "enum": [
        "small",
        "large"
      ],
      "description": "Categoría de tamaño"
    },
    "r_category": {
      "type": "string",
      "enum": [
        "reduce",
        "reuse",
        "recycle",
        "recover",
        "redesign"
      ],
      "description": "Categoría de las 5R aplicada"
    },
    "energy_saved_kwh": {
      "type": "number",
      "description": "Energía ahorrada al procesar este material"
    },
    "location": {
      "type": "string",
      "description": "Ubicación actual en el sistema"
    }
  },
  "required": [
    "type",
    "weight_kg",
    "size_category"
  ]
}