{
  "name": "ProcessingActivity",
  "type": "object",
  "properties": {
    "activity_type": {
      "type": "string",
      "enum": [
        "intake",
        "classification",
        "processing",
        "storage",
        "reuse"
      ],
      "description": "Tipo de actividad"
    },
    "material_type": {
      "type": "string",
      "enum": [
        "metal",
        "polymers",
        "textiles",
        "eva",
        "foam"
      ],
      "description": "Tipo de material procesado"
    },
    "quantity_kg": {
      "type": "number",
      "description": "Cantidad procesada en kg"
    },
    "efficiency_percent": {
      "type": "number",
      "description": "Eficiencia del proceso"
    },
    "timestamp": {
      "type": "string",
      "format": "date-time",
      "description": "Momento de la actividad"
    }
  },
  "required": [
    "activity_type",
    "material_type",
    "quantity_kg"
  ]
}